File path, Num rect
0402.jpg
0403.jpg,1
0404.jpg
0405.jpg
0406.jpg
0407.jpg,1
0408.jpg
0409.jpg,1
0410.jpg
0411.jpg
0412.jpg,1
0413.jpg
0414.jpg
0415.jpg,1
0416.jpg,1
0417.jpg,1
0418.jpg,1
0419.jpg,1
0420.jpg
0421.jpg,1
0422.jpg
0423.jpg,1
0424.jpg
0425.jpg
0426.jpg,1
0427.jpg
0428.jpg,1
0429.jpg,1
0430.jpg,1
0432.jpg,1
0433.jpg
0434.jpg,1
0435.jpg,1
0436.jpg
0437.jpg,1
0438.jpg,1
0439.jpg,1
0440.jpg,1
0441.jpg,1
0442.jpg,1
0443.jpg,1
0444.jpg,1
0445.jpg,1
0446.jpg,1
0447.jpg,1
0448.jpg,1
0449.jpg
0450.jpg,1
0451.jpg,1
0452.jpg,1
0453.jpg,1
0454.jpg,1
0455.jpg,1
0456.jpg,1
0457.jpg
0458.jpg,1
0459.jpg,1
0460.jpg,1
0461.jpg,1
0462.jpg,1
0463.jpg,1
0464.jpg,1
0465.jpg,1
0466.jpg
0467.jpg,1
0468.jpg,1
0469.jpg,1
0470.jpg,1
0471.jpg
0472.jpg,1
0473.jpg,1
0474.jpg
0475.jpg
0476.jpg
0477.jpg,1
0478.jpg,1
0479.jpg
0480.jpg,1
0481.jpg,1
0482.jpg
0483.jpg
0484.jpg,1
0485.jpg
0486.jpg,1
0487.jpg
0488.jpg,1
0489.jpg
050.jpg,1
05011.jpg,1
050110.jpg,1
050111.jpg,1
050112.jpg
05013.jpg
05014.jpg,1
05015.jpg,1
05016.jpg,1
05017.jpg,1
05018.jpg,1
05019.jpg,1
0502.jpg
0503.jpg,1
0504.jpg
0505.jpg
0506.jpg,1
0507.jpg,1
0508.jpg,1
0509.jpg,1
0510.jpg,1
0511.jpg,1
0512.jpg,1
0513.jpg
0514.jpg
0515.jpg
0516.jpg
0517.jpg,1
0518.jpg
0519.jpg
0520.jpg,1
0521.jpg,1
0522.jpg,1
0523.jpg
0524.jpg,1
0525.jpg
0526.jpg,1
0527.jpg
0528.jpg
0529.jpg,1
0530.jpg
0531.jpg
0532.jpg
0533.jpg,1
0534.jpg,1
0535.jpg,1
0536.jpg
0537.jpg,1
0538.jpg,1
0539.jpg,1
0540.jpg,1
0541.jpg,1
0542.jpg,1
0543.jpg
0544.jpg,1
0545.jpg
0546.jpg,1
0547.jpg
0548.jpg,1
0549.jpg,1
0550.jpg
0551.jpg
0552.jpg,1
0553.jpg,1
0554.jpg
0555.jpg,1
0556.jpg,1
0557.jpg,1
0558.jpg,1
0559.jpg,1
0560.jpg
0561.jpg,1
0562.jpg,1
0563.jpg
0564.jpg,1
0565.jpg
0566.jpg,1
0567.jpg,1
0568.jpg,1
0569.jpg,1
0570.jpg,1
0571.jpg,1
0572.jpg,1
0573.jpg,1
0574.jpg
0575.jpg,1
0576.jpg,1
0577.jpg
0578.jpg,1
0579.jpg,1
0580.jpg
0581.jpg,1
0582.jpg,1
0583.jpg,1
0584.jpg
0586.jpg,1
0587.jpg,1
1.jpg,1
10.jpg,1
11.jpg,1
12.jpg,1
13.jpg,1
14.jpg
15.jpg,1
16.jpg,1
17.jpg,1
18.jpg,1
19.jpg,1
2.jpg,1
20.jpg,1
21.jpg,1
22.jpg,1
23.jpg,1
24.jpg,1
25.jpg
26.jpg,1
27.jpg
28.jpg,1
29.jpg
3.jpg,1
30.jpg,1
31.jpg,1
32.jpg,1
33.jpg,1
34.jpg,1
35.jpg,1
36.jpg,1
37.jpg,1
38.jpg,1
39.jpg,1
4.jpg
40.jpg
41.jpg,1
42.jpg,1
43.jpg,1
431.jpg,1
44.jpg,1
45.jpg,1
46.jpg,1
47.jpg,1
48.jpg,1
49.jpg,1
5.jpg,1
50.jpg,1
51.jpg,1
52.jpg,1
53.jpg,1
54.jpg
55.jpg,1
56.jpg,1
57.jpg
58.jpg,1
59.jpg,1
6.jpg,1
7.jpg,1
8.jpg,1
9.jpg,1
Elapsed (ms): 18292